INSERT INTO `procure`.`sys_config` (`config_id`, `config_name`, `config_key`, `config_value`, `config_type`, `create_date`, `create_by`, `update_date`, `update_by`, `remark`) VALUES ('1', '主框架页-默认皮肤样式名称', 'sys.index.skinName', 'skin-blue', 'Y', '2019-10-29 14:52:01', 'admin', '2019-10-30 09:44:47', 'admin', '蓝色 skin-blue、绿色 skin-green、紫色 skin-purple、红色 skin-red、黄色 skin-yellowddd');
INSERT INTO `procure`.`sys_config` (`config_id`, `config_name`, `config_key`, `config_value`, `config_type`, `create_date`, `create_by`, `update_date`, `update_by`, `remark`) VALUES ('2', '用户管理-账号初始密码', 'sys.user.initPassword', '123456', 'Y', '2019-10-29 14:52:01', 'admin', '2019-10-29 14:52:01', 'ry', '初始化密码 123456');
INSERT INTO `procure`.`sys_config` (`config_id`, `config_name`, `config_key`, `config_value`, `config_type`, `create_date`, `create_by`, `update_date`, `update_by`, `remark`) VALUES ('3', '主框架页-侧边栏主题', 'sys.index.sideTheme', 'theme-dark', 'Y', '2019-10-29 14:52:01', 'admin', '2019-10-29 14:52:01', 'ry', '深色主题theme-dark，浅色主题theme-light');

INSERT INTO `procure`.`sys_dept` (`dept_id`, `parent_id`, `ancestors`, `dept_name`, `order_num`, `leader`, `phone`, `email`, `status`, `create_date`, `create_by`, `update_date`, `update_by`, `remark`) VALUES ('100', '0', '0', '世界之大', '0', '若依', '15888888888', 'ry@qq.com', '0', '2019-10-29 14:55:13', 'admin', '2019-10-29 17:13:04', 'ry', NULL);
INSERT INTO `procure`.`sys_dept` (`dept_id`, `parent_id`, `ancestors`, `dept_name`, `order_num`, `leader`, `phone`, `email`, `status`, `create_date`, `create_by`, `update_date`, `update_by`, `remark`) VALUES ('101', '100', '0,100', '深圳总公司', '1', '若依', '15888888888', 'ry@qq.com', '0', '2019-10-29 14:55:13', 'admin', '2019-10-29 14:55:13', 'ry', NULL);
INSERT INTO `procure`.`sys_dept` (`dept_id`, `parent_id`, `ancestors`, `dept_name`, `order_num`, `leader`, `phone`, `email`, `status`, `create_date`, `create_by`, `update_date`, `update_by`, `remark`) VALUES ('102', '100', '0,100', '长沙分公司', '2', '若依', '15888888888', 'ry@qq.com', '0', '2019-10-29 14:55:13', 'admin', '2019-10-29 14:55:13', 'ry', NULL);
INSERT INTO `procure`.`sys_dept` (`dept_id`, `parent_id`, `ancestors`, `dept_name`, `order_num`, `leader`, `phone`, `email`, `status`, `create_date`, `create_by`, `update_date`, `update_by`, `remark`) VALUES ('103', '101', '0,100,101', '研发部门', '1', '若依', '15888888888', 'ry@qq.com', '0', '2019-10-29 14:55:13', 'admin', '2019-10-29 14:55:13', 'ry', NULL);
INSERT INTO `procure`.`sys_dept` (`dept_id`, `parent_id`, `ancestors`, `dept_name`, `order_num`, `leader`, `phone`, `email`, `status`, `create_date`, `create_by`, `update_date`, `update_by`, `remark`) VALUES ('104', '101', '0,100,101', '市场部门', '2', '若依', '15888888888', 'ry@qq.com', '0', '2019-10-29 14:55:13', 'admin', '2019-10-29 14:55:13', 'ry', NULL);
INSERT INTO `procure`.`sys_dept` (`dept_id`, `parent_id`, `ancestors`, `dept_name`, `order_num`, `leader`, `phone`, `email`, `status`, `create_date`, `create_by`, `update_date`, `update_by`, `remark`) VALUES ('105', '101', '0,100,101', '测试部门', '3', '若依', '15888888888', 'ry@qq.com', '0', '2019-10-29 14:55:13', 'admin', '2019-10-29 14:55:13', 'ry', NULL);
INSERT INTO `procure`.`sys_dept` (`dept_id`, `parent_id`, `ancestors`, `dept_name`, `order_num`, `leader`, `phone`, `email`, `status`, `create_date`, `create_by`, `update_date`, `update_by`, `remark`) VALUES ('106', '101', '0,100,101', '财务部门', '4', '若依', '15888888888', 'ry@qq.com', '0', '2019-10-29 14:55:13', 'admin', '2019-10-29 14:55:13', 'ry', NULL);
INSERT INTO `procure`.`sys_dept` (`dept_id`, `parent_id`, `ancestors`, `dept_name`, `order_num`, `leader`, `phone`, `email`, `status`, `create_date`, `create_by`, `update_date`, `update_by`, `remark`) VALUES ('107', '101', '0,100,101', '运维部门', '5', '若依', '15888888888', 'ry@qq.com', '0', '2019-10-29 14:55:13', 'admin', '2019-10-29 14:55:13', 'ry', NULL);
INSERT INTO `procure`.`sys_dept` (`dept_id`, `parent_id`, `ancestors`, `dept_name`, `order_num`, `leader`, `phone`, `email`, `status`, `create_date`, `create_by`, `update_date`, `update_by`, `remark`) VALUES ('108', '102', '0,100,102', '市场部门', '1', '若依', '15888888888', 'ry@qq.com', '0', '2019-10-29 14:55:13', 'admin', '2019-10-29 14:55:13', 'ry', NULL);
INSERT INTO `procure`.`sys_dept` (`dept_id`, `parent_id`, `ancestors`, `dept_name`, `order_num`, `leader`, `phone`, `email`, `status`, `create_date`, `create_by`, `update_date`, `update_by`, `remark`) VALUES ('109', '102', '0,100,102', '财务部门', '2', '若依', '15888888888', 'ry@qq.com', '0', '2019-10-29 14:55:13', 'admin', '2019-10-29 14:55:13', 'ry', NULL);
INSERT INTO `procure`.`sys_dept` (`dept_id`, `parent_id`, `ancestors`, `dept_name`, `order_num`, `leader`, `phone`, `email`, `status`, `create_date`, `create_by`, `update_date`, `update_by`, `remark`) VALUES ('200', '103', '0,100,101,103', '研发一部', '12', NULL, NULL, NULL, '0', '2019-10-29 14:55:43', 'admin', '2019-10-29 14:55:43', '', NULL);
INSERT INTO `procure`.`sys_dept` (`dept_id`, `parent_id`, `ancestors`, `dept_name`, `order_num`, `leader`, `phone`, `email`, `status`, `create_date`, `create_by`, `update_date`, `update_by`, `remark`) VALUES ('201', '200', '0,100,101,103,200', '研发一部一室', '12', NULL, NULL, NULL, '0', '2019-10-29 14:55:43', 'admin', '2019-10-29 14:55:43', '', NULL);
INSERT INTO `procure`.`sys_dept` (`dept_id`, `parent_id`, `ancestors`, `dept_name`, `order_num`, `leader`, `phone`, `email`, `status`, `create_date`, `create_by`, `update_date`, `update_by`, `remark`) VALUES ('202', '200', '0,100,101,103,200', '滴滴滴', '12', NULL, NULL, NULL, '0', '2019-10-29 14:55:43', 'admin', '2019-10-29 14:55:43', '', NULL);


INSERT INTO `procure`.`sys_dict_data` (`dict_code`, `dict_sort`, `dict_label`, `dict_value`, `dict_type`, `css_class`, `list_class`, `is_default`, `status`, `create_date`, `create_by`, `update_date`, `update_by`, `remark`) VALUES ('1', '1', '男', '0', 'sys_user_sex', '', '', 'Y', '0', '2018-03-16 11:33:00', 'admin', '2018-03-16 11:33:00', 'ry', '性别男');
INSERT INTO `procure`.`sys_dict_data` (`dict_code`, `dict_sort`, `dict_label`, `dict_value`, `dict_type`, `css_class`, `list_class`, `is_default`, `status`, `create_date`, `create_by`, `update_date`, `update_by`, `remark`) VALUES ('2', '2', '女', '1', 'sys_user_sex', '', '', 'N', '0', '2018-03-16 11:33:00', 'admin', '2018-03-16 11:33:00', 'ry', '性别女');
INSERT INTO `procure`.`sys_dict_data` (`dict_code`, `dict_sort`, `dict_label`, `dict_value`, `dict_type`, `css_class`, `list_class`, `is_default`, `status`, `create_date`, `create_by`, `update_date`, `update_by`, `remark`) VALUES ('3', '3', '未知', '2', 'sys_user_sex', '', '', 'N', '0', '2018-03-16 11:33:00', 'admin', '2018-03-16 11:33:00', 'ry', '性别未知');
INSERT INTO `procure`.`sys_dict_data` (`dict_code`, `dict_sort`, `dict_label`, `dict_value`, `dict_type`, `css_class`, `list_class`, `is_default`, `status`, `create_date`, `create_by`, `update_date`, `update_by`, `remark`) VALUES ('4', '1', '显示', '0', 'sys_show_hide', '', 'primary', 'Y', '0', '2018-03-16 11:33:00', 'admin', '2018-03-16 11:33:00', 'ry', '显示菜单');
INSERT INTO `procure`.`sys_dict_data` (`dict_code`, `dict_sort`, `dict_label`, `dict_value`, `dict_type`, `css_class`, `list_class`, `is_default`, `status`, `create_date`, `create_by`, `update_date`, `update_by`, `remark`) VALUES ('5', '2', '隐藏', '1', 'sys_show_hide', '', 'danger', 'N', '0', '2018-03-16 11:33:00', 'admin', '2018-03-16 11:33:00', 'ry', '隐藏菜单');
INSERT INTO `procure`.`sys_dict_data` (`dict_code`, `dict_sort`, `dict_label`, `dict_value`, `dict_type`, `css_class`, `list_class`, `is_default`, `status`, `create_date`, `create_by`, `update_date`, `update_by`, `remark`) VALUES ('6', '1', '正常', '0', 'sys_normal_disable', '', 'primary', 'Y', '0', '2018-03-16 11:33:00', 'admin', '2018-03-16 11:33:00', 'ry', '正常状态');
INSERT INTO `procure`.`sys_dict_data` (`dict_code`, `dict_sort`, `dict_label`, `dict_value`, `dict_type`, `css_class`, `list_class`, `is_default`, `status`, `create_date`, `create_by`, `update_date`, `update_by`, `remark`) VALUES ('7', '2', '停用', '1', 'sys_normal_disable', '', 'danger', 'N', '0', '2018-03-16 11:33:00', 'admin', '2018-03-16 11:33:00', 'ry', '停用状态');
INSERT INTO `procure`.`sys_dict_data` (`dict_code`, `dict_sort`, `dict_label`, `dict_value`, `dict_type`, `css_class`, `list_class`, `is_default`, `status`, `create_date`, `create_by`, `update_date`, `update_by`, `remark`) VALUES ('8', '1', '正常', '0', 'sys_job_status', '', 'primary', 'Y', '0', '2018-03-16 11:33:00', 'admin', '2018-03-16 11:33:00', 'ry', '正常状态');
INSERT INTO `procure`.`sys_dict_data` (`dict_code`, `dict_sort`, `dict_label`, `dict_value`, `dict_type`, `css_class`, `list_class`, `is_default`, `status`, `create_date`, `create_by`, `update_date`, `update_by`, `remark`) VALUES ('9', '2', '暂停', '1', 'sys_job_status', '', 'danger', 'N', '0', '2018-03-16 11:33:00', 'admin', '2018-03-16 11:33:00', 'ry', '停用状态');
INSERT INTO `procure`.`sys_dict_data` (`dict_code`, `dict_sort`, `dict_label`, `dict_value`, `dict_type`, `css_class`, `list_class`, `is_default`, `status`, `create_date`, `create_by`, `update_date`, `update_by`, `remark`) VALUES ('10', '1', '默认', 'DEFAULT', 'sys_job_group', '', '', 'Y', '0', '2018-03-16 11:33:00', 'admin', '2018-03-16 11:33:00', 'ry', '默认分组');
INSERT INTO `procure`.`sys_dict_data` (`dict_code`, `dict_sort`, `dict_label`, `dict_value`, `dict_type`, `css_class`, `list_class`, `is_default`, `status`, `create_date`, `create_by`, `update_date`, `update_by`, `remark`) VALUES ('11', '2', '系统', 'SYSTEM', 'sys_job_group', '', '', 'N', '0', '2018-03-16 11:33:00', 'admin', '2018-03-16 11:33:00', 'ry', '系统分组');
INSERT INTO `procure`.`sys_dict_data` (`dict_code`, `dict_sort`, `dict_label`, `dict_value`, `dict_type`, `css_class`, `list_class`, `is_default`, `status`, `create_date`, `create_by`, `update_date`, `update_by`, `remark`) VALUES ('12', '1', '是', 'Y', 'sys_yes_no', '', 'primary', 'Y', '0', '2018-03-16 11:33:00', 'admin', '2018-03-16 11:33:00', 'ry', '系统默认是');
INSERT INTO `procure`.`sys_dict_data` (`dict_code`, `dict_sort`, `dict_label`, `dict_value`, `dict_type`, `css_class`, `list_class`, `is_default`, `status`, `create_date`, `create_by`, `update_date`, `update_by`, `remark`) VALUES ('13', '2', '否', 'N', 'sys_yes_no', '', 'danger', 'N', '0', '2018-03-16 11:33:00', 'admin', '2018-03-16 11:33:00', 'ry', '系统默认否');
INSERT INTO `procure`.`sys_dict_data` (`dict_code`, `dict_sort`, `dict_label`, `dict_value`, `dict_type`, `css_class`, `list_class`, `is_default`, `status`, `create_date`, `create_by`, `update_date`, `update_by`, `remark`) VALUES ('14', '1', '通知', '1', 'sys_notice_type', '', 'warning', 'Y', '0', '2018-03-16 11:33:00', 'admin', '2018-03-16 11:33:00', 'ry', '通知');
INSERT INTO `procure`.`sys_dict_data` (`dict_code`, `dict_sort`, `dict_label`, `dict_value`, `dict_type`, `css_class`, `list_class`, `is_default`, `status`, `create_date`, `create_by`, `update_date`, `update_by`, `remark`) VALUES ('15', '2', '公告', '2', 'sys_notice_type', '', 'success', 'N', '0', '2018-03-16 11:33:00', 'admin', '2018-03-16 11:33:00', 'ry', '公告');
INSERT INTO `procure`.`sys_dict_data` (`dict_code`, `dict_sort`, `dict_label`, `dict_value`, `dict_type`, `css_class`, `list_class`, `is_default`, `status`, `create_date`, `create_by`, `update_date`, `update_by`, `remark`) VALUES ('16', '1', '正常', '0', 'sys_notice_status', '', 'primary', 'Y', '0', '2018-03-16 11:33:00', 'admin', '2018-03-16 11:33:00', 'ry', '正常状态');
INSERT INTO `procure`.`sys_dict_data` (`dict_code`, `dict_sort`, `dict_label`, `dict_value`, `dict_type`, `css_class`, `list_class`, `is_default`, `status`, `create_date`, `create_by`, `update_date`, `update_by`, `remark`) VALUES ('17', '2', '关闭', '1', 'sys_notice_status', '', 'danger', 'N', '0', '2018-03-16 11:33:00', 'admin', '2018-03-16 11:33:00', 'ry', '关闭状态');
INSERT INTO `procure`.`sys_dict_data` (`dict_code`, `dict_sort`, `dict_label`, `dict_value`, `dict_type`, `css_class`, `list_class`, `is_default`, `status`, `create_date`, `create_by`, `update_date`, `update_by`, `remark`) VALUES ('18', '1', '新增', '1', 'sys_oper_type', '', 'info', 'N', '0', '2018-03-16 11:33:00', 'admin', '2018-03-16 11:33:00', 'ry', '新增操作');
INSERT INTO `procure`.`sys_dict_data` (`dict_code`, `dict_sort`, `dict_label`, `dict_value`, `dict_type`, `css_class`, `list_class`, `is_default`, `status`, `create_date`, `create_by`, `update_date`, `update_by`, `remark`) VALUES ('19', '2', '修改', '2', 'sys_oper_type', '', 'info', 'N', '0', '2018-03-16 11:33:00', 'admin', '2018-03-16 11:33:00', 'ry', '修改操作');
INSERT INTO `procure`.`sys_dict_data` (`dict_code`, `dict_sort`, `dict_label`, `dict_value`, `dict_type`, `css_class`, `list_class`, `is_default`, `status`, `create_date`, `create_by`, `update_date`, `update_by`, `remark`) VALUES ('20', '3', '删除', '3', 'sys_oper_type', '', 'danger', 'N', '0', '2018-03-16 11:33:00', 'admin', '2018-03-16 11:33:00', 'ry', '删除操作');
INSERT INTO `procure`.`sys_dict_data` (`dict_code`, `dict_sort`, `dict_label`, `dict_value`, `dict_type`, `css_class`, `list_class`, `is_default`, `status`, `create_date`, `create_by`, `update_date`, `update_by`, `remark`) VALUES ('21', '4', '授权', '4', 'sys_oper_type', '', 'primary', 'N', '0', '2018-03-16 11:33:00', 'admin', '2018-03-16 11:33:00', 'ry', '授权操作');
INSERT INTO `procure`.`sys_dict_data` (`dict_code`, `dict_sort`, `dict_label`, `dict_value`, `dict_type`, `css_class`, `list_class`, `is_default`, `status`, `create_date`, `create_by`, `update_date`, `update_by`, `remark`) VALUES ('22', '5', '导出', '5', 'sys_oper_type', '', 'warning', 'N', '0', '2018-03-16 11:33:00', 'admin', '2018-03-16 11:33:00', 'ry', '导出操作');
INSERT INTO `procure`.`sys_dict_data` (`dict_code`, `dict_sort`, `dict_label`, `dict_value`, `dict_type`, `css_class`, `list_class`, `is_default`, `status`, `create_date`, `create_by`, `update_date`, `update_by`, `remark`) VALUES ('23', '6', '导入', '6', 'sys_oper_type', '', 'warning', 'N', '0', '2018-03-16 11:33:00', 'admin', '2018-03-16 11:33:00', 'ry', '导入操作');
INSERT INTO `procure`.`sys_dict_data` (`dict_code`, `dict_sort`, `dict_label`, `dict_value`, `dict_type`, `css_class`, `list_class`, `is_default`, `status`, `create_date`, `create_by`, `update_date`, `update_by`, `remark`) VALUES ('24', '7', '强退', '7', 'sys_oper_type', '', 'danger', 'N', '0', '2018-03-16 11:33:00', 'admin', '2018-03-16 11:33:00', 'ry', '强退操作');
INSERT INTO `procure`.`sys_dict_data` (`dict_code`, `dict_sort`, `dict_label`, `dict_value`, `dict_type`, `css_class`, `list_class`, `is_default`, `status`, `create_date`, `create_by`, `update_date`, `update_by`, `remark`) VALUES ('25', '8', '生成代码', '8', 'sys_oper_type', '', 'warning', 'N', '0', '2018-03-16 11:33:00', 'admin', '2018-03-16 11:33:00', 'ry', '生成操作');
INSERT INTO `procure`.`sys_dict_data` (`dict_code`, `dict_sort`, `dict_label`, `dict_value`, `dict_type`, `css_class`, `list_class`, `is_default`, `status`, `create_date`, `create_by`, `update_date`, `update_by`, `remark`) VALUES ('26', '9', '清空数据', '9', 'sys_oper_type', '', 'danger', 'N', '0', '2018-03-16 11:33:00', 'admin', '2018-03-16 11:33:00', 'ry', '清空操作');
INSERT INTO `procure`.`sys_dict_data` (`dict_code`, `dict_sort`, `dict_label`, `dict_value`, `dict_type`, `css_class`, `list_class`, `is_default`, `status`, `create_date`, `create_by`, `update_date`, `update_by`, `remark`) VALUES ('27', '1', '成功', '0', 'sys_common_status', '', 'primary', 'N', '0', '2018-03-16 11:33:00', 'admin', '2018-03-16 11:33:00', 'ry', '正常状态');
INSERT INTO `procure`.`sys_dict_data` (`dict_code`, `dict_sort`, `dict_label`, `dict_value`, `dict_type`, `css_class`, `list_class`, `is_default`, `status`, `create_date`, `create_by`, `update_date`, `update_by`, `remark`) VALUES ('28', '2', '失败', '1', 'sys_common_status', '', 'danger', 'N', '0', '2018-03-16 11:33:00', 'admin', '2018-03-16 11:33:00', 'ry', '停用状态');


INSERT INTO `procure`.`sys_dict_type` (`dict_id`, `dict_name`, `dict_type`, `status`, `create_date`, `create_by`, `update_date`, `update_by`, `remark`) VALUES ('1', '用户性别', 'sys_user_sex', '0', '2018-03-16 11:33:00', 'admin', '2018-03-16 11:33:00', 'ry', '用户性别列表');
INSERT INTO `procure`.`sys_dict_type` (`dict_id`, `dict_name`, `dict_type`, `status`, `create_date`, `create_by`, `update_date`, `update_by`, `remark`) VALUES ('2', '菜单状态', 'sys_show_hide', '0', '2018-03-16 11:33:00', 'admin', '2018-03-16 11:33:00', 'ry', '菜单状态列表');
INSERT INTO `procure`.`sys_dict_type` (`dict_id`, `dict_name`, `dict_type`, `status`, `create_date`, `create_by`, `update_date`, `update_by`, `remark`) VALUES ('3', '系统开关', 'sys_normal_disable', '0', '2018-03-16 11:33:00', 'admin', '2018-03-16 11:33:00', 'ry', '系统开关列表');
INSERT INTO `procure`.`sys_dict_type` (`dict_id`, `dict_name`, `dict_type`, `status`, `create_date`, `create_by`, `update_date`, `update_by`, `remark`) VALUES ('4', '任务状态', 'sys_job_status', '0', '2018-03-16 11:33:00', 'admin', '2018-03-16 11:33:00', 'ry', '任务状态列表');
INSERT INTO `procure`.`sys_dict_type` (`dict_id`, `dict_name`, `dict_type`, `status`, `create_date`, `create_by`, `update_date`, `update_by`, `remark`) VALUES ('5', '任务分组', 'sys_job_group', '0', '2018-03-16 11:33:00', 'admin', '2018-03-16 11:33:00', 'ry', '任务分组列表');
INSERT INTO `procure`.`sys_dict_type` (`dict_id`, `dict_name`, `dict_type`, `status`, `create_date`, `create_by`, `update_date`, `update_by`, `remark`) VALUES ('6', '系统是否', 'sys_yes_no', '0', '2018-03-16 11:33:00', 'admin', '2018-03-16 11:33:00', 'ry', '系统是否列表');
INSERT INTO `procure`.`sys_dict_type` (`dict_id`, `dict_name`, `dict_type`, `status`, `create_date`, `create_by`, `update_date`, `update_by`, `remark`) VALUES ('7', '通知类型', 'sys_notice_type', '0', '2018-03-16 11:33:00', 'admin', '2018-03-16 11:33:00', 'ry', '通知类型列表');
INSERT INTO `procure`.`sys_dict_type` (`dict_id`, `dict_name`, `dict_type`, `status`, `create_date`, `create_by`, `update_date`, `update_by`, `remark`) VALUES ('8', '通知状态', 'sys_notice_status', '0', '2018-03-16 11:33:00', 'admin', '2018-03-16 11:33:00', 'ry', '通知状态列表');
INSERT INTO `procure`.`sys_dict_type` (`dict_id`, `dict_name`, `dict_type`, `status`, `create_date`, `create_by`, `update_date`, `update_by`, `remark`) VALUES ('9', '操作类型', 'sys_oper_type', '0', '2018-03-16 11:33:00', 'admin', '2018-03-16 11:33:00', 'ry', '操作类型列表');
INSERT INTO `procure`.`sys_dict_type` (`dict_id`, `dict_name`, `dict_type`, `status`, `create_date`, `create_by`, `update_date`, `update_by`, `remark`) VALUES ('10', '系统状态', 'sys_common_status', '0', '2018-03-16 11:33:00', 'admin', '2018-03-16 11:33:00', 'ry', '登录状态列表');
INSERT INTO `procure`.`sys_dict_type` (`dict_id`, `dict_name`, `dict_type`, `status`, `create_date`, `create_by`, `update_date`, `update_by`, `remark`) VALUES ('100', '蛋蛋', 'procure_type', '0', '2019-10-25 11:00:02', 'admin', NULL, '', NULL);


INSERT INTO `procure`.`sys_menu` (`menu_id`, `menu_name`, `parent_id`, `order_num`, `url`, `target`, `menu_type`, `visible`, `perms`, `icon`, `remark`, `status`, `create_date`, `create_by`, `update_date`, `update_by`) VALUES ('1', '系统管理', '0', '1', '#', '', 'M', '0', '', 'fa fa-gear', '系统管理目录', '0', '2018-03-16 11:33:00', 'admin', '2018-03-16 11:33:00', 'ry');
INSERT INTO `procure`.`sys_menu` (`menu_id`, `menu_name`, `parent_id`, `order_num`, `url`, `target`, `menu_type`, `visible`, `perms`, `icon`, `remark`, `status`, `create_date`, `create_by`, `update_date`, `update_by`) VALUES ('2', '系统监控', '0', '2', '#', '', 'M', '0', '', 'fa fa-video-camera', '系统监控目录', '1', '2018-03-16 11:33:00', 'admin', '2019-10-30 09:37:34', 'ry');
INSERT INTO `procure`.`sys_menu` (`menu_id`, `menu_name`, `parent_id`, `order_num`, `url`, `target`, `menu_type`, `visible`, `perms`, `icon`, `remark`, `status`, `create_date`, `create_by`, `update_date`, `update_by`) VALUES ('3', '系统工具', '0', '3', '#', '', 'M', '0', '', 'fa fa-bars', '系统工具目录', '1', '2018-03-16 11:33:00', 'admin', '2019-10-30 09:35:11', 'ry');
INSERT INTO `procure`.`sys_menu` (`menu_id`, `menu_name`, `parent_id`, `order_num`, `url`, `target`, `menu_type`, `visible`, `perms`, `icon`, `remark`, `status`, `create_date`, `create_by`, `update_date`, `update_by`) VALUES ('100', '用户管理', '1', '1', '/system/user', '', 'C', '0', 'system:user:view', '#', '用户管理菜单', '0', '2018-03-16 11:33:00', 'admin', '2018-03-16 11:33:00', 'ry');
INSERT INTO `procure`.`sys_menu` (`menu_id`, `menu_name`, `parent_id`, `order_num`, `url`, `target`, `menu_type`, `visible`, `perms`, `icon`, `remark`, `status`, `create_date`, `create_by`, `update_date`, `update_by`) VALUES ('101', '角色管理', '1', '2', '/system/role', '', 'C', '0', 'system:role:view', '#', '角色管理菜单', '0', '2018-03-16 11:33:00', 'admin', '2018-03-16 11:33:00', 'ry');
INSERT INTO `procure`.`sys_menu` (`menu_id`, `menu_name`, `parent_id`, `order_num`, `url`, `target`, `menu_type`, `visible`, `perms`, `icon`, `remark`, `status`, `create_date`, `create_by`, `update_date`, `update_by`) VALUES ('102', '菜单管理', '1', '3', '/system/menu', '', 'C', '0', 'system:menu:view', '#', '菜单管理菜单', '0', '2018-03-16 11:33:00', 'admin', '2018-03-16 11:33:00', 'ry');
INSERT INTO `procure`.`sys_menu` (`menu_id`, `menu_name`, `parent_id`, `order_num`, `url`, `target`, `menu_type`, `visible`, `perms`, `icon`, `remark`, `status`, `create_date`, `create_by`, `update_date`, `update_by`) VALUES ('103', '部门管理', '1', '4', '/system/dept', '', 'C', '0', 'system:dept:view', '#', '部门管理菜单', '0', '2018-03-16 11:33:00', 'admin', '2018-03-16 11:33:00', 'ry');
INSERT INTO `procure`.`sys_menu` (`menu_id`, `menu_name`, `parent_id`, `order_num`, `url`, `target`, `menu_type`, `visible`, `perms`, `icon`, `remark`, `status`, `create_date`, `create_by`, `update_date`, `update_by`) VALUES ('104', '岗位管理', '1', '5', '/system/post', '', 'C', '0', 'system:post:view', '#', '岗位管理菜单', '0', '2018-03-16 11:33:00', 'admin', '2018-03-16 11:33:00', 'ry');
INSERT INTO `procure`.`sys_menu` (`menu_id`, `menu_name`, `parent_id`, `order_num`, `url`, `target`, `menu_type`, `visible`, `perms`, `icon`, `remark`, `status`, `create_date`, `create_by`, `update_date`, `update_by`) VALUES ('105', '字典管理', '1', '6', '/system/dict', '', 'C', '0', 'system:dict:view', '#', '字典管理菜单', '0', '2018-03-16 11:33:00', 'admin', '2018-03-16 11:33:00', 'ry');
INSERT INTO `procure`.`sys_menu` (`menu_id`, `menu_name`, `parent_id`, `order_num`, `url`, `target`, `menu_type`, `visible`, `perms`, `icon`, `remark`, `status`, `create_date`, `create_by`, `update_date`, `update_by`) VALUES ('106', '参数设置', '1', '7', '/system/config', '', 'C', '0', 'system:config:view', '#', '参数设置菜单', '0', '2018-03-16 11:33:00', 'admin', '2018-03-16 11:33:00', 'ry');
INSERT INTO `procure`.`sys_menu` (`menu_id`, `menu_name`, `parent_id`, `order_num`, `url`, `target`, `menu_type`, `visible`, `perms`, `icon`, `remark`, `status`, `create_date`, `create_by`, `update_date`, `update_by`) VALUES ('107', '通知公告', '1', '8', '/system/notice', '', 'C', '0', 'system:notice:view', '#', '通知公告菜单', '0', '2018-03-16 11:33:00', 'admin', '2018-03-16 11:33:00', 'ry');
INSERT INTO `procure`.`sys_menu` (`menu_id`, `menu_name`, `parent_id`, `order_num`, `url`, `target`, `menu_type`, `visible`, `perms`, `icon`, `remark`, `status`, `create_date`, `create_by`, `update_date`, `update_by`) VALUES ('108', '日志管理', '1', '9', '#', '', 'M', '0', '', '#', '日志管理菜单', '1', '2018-03-16 11:33:00', 'admin', '2019-10-30 09:41:29', 'ry');
INSERT INTO `procure`.`sys_menu` (`menu_id`, `menu_name`, `parent_id`, `order_num`, `url`, `target`, `menu_type`, `visible`, `perms`, `icon`, `remark`, `status`, `create_date`, `create_by`, `update_date`, `update_by`) VALUES ('109', '在线用户', '2', '1', '/monitor/online', '', 'C', '0', 'monitor:online:view', '#', '在线用户菜单', '0', '2018-03-16 11:33:00', 'admin', '2018-03-16 11:33:00', 'ry');
INSERT INTO `procure`.`sys_menu` (`menu_id`, `menu_name`, `parent_id`, `order_num`, `url`, `target`, `menu_type`, `visible`, `perms`, `icon`, `remark`, `status`, `create_date`, `create_by`, `update_date`, `update_by`) VALUES ('110', '定时任务', '2', '2', '/monitor/job', '', 'C', '0', 'monitor:job:view', '#', '定时任务菜单', '0', '2018-03-16 11:33:00', 'admin', '2018-03-16 11:33:00', 'ry');
INSERT INTO `procure`.`sys_menu` (`menu_id`, `menu_name`, `parent_id`, `order_num`, `url`, `target`, `menu_type`, `visible`, `perms`, `icon`, `remark`, `status`, `create_date`, `create_by`, `update_date`, `update_by`) VALUES ('111', '数据监控', '2', '3', '/monitor/data', '', 'C', '0', 'monitor:data:view', '#', '数据监控菜单', '0', '2018-03-16 11:33:00', 'admin', '2018-03-16 11:33:00', 'ry');
INSERT INTO `procure`.`sys_menu` (`menu_id`, `menu_name`, `parent_id`, `order_num`, `url`, `target`, `menu_type`, `visible`, `perms`, `icon`, `remark`, `status`, `create_date`, `create_by`, `update_date`, `update_by`) VALUES ('112', '服务监控', '2', '3', '/monitor/server', '', 'C', '0', 'monitor:server:view', '#', '服务监控菜单', '0', '2018-03-16 11:33:00', 'admin', '2018-03-16 11:33:00', 'ry');
INSERT INTO `procure`.`sys_menu` (`menu_id`, `menu_name`, `parent_id`, `order_num`, `url`, `target`, `menu_type`, `visible`, `perms`, `icon`, `remark`, `status`, `create_date`, `create_by`, `update_date`, `update_by`) VALUES ('113', '表单构建', '3', '1', '/tool/build', '', 'C', '0', 'tool:build:view', '#', '表单构建菜单', '0', '2018-03-16 11:33:00', 'admin', '2018-03-16 11:33:00', 'ry');
INSERT INTO `procure`.`sys_menu` (`menu_id`, `menu_name`, `parent_id`, `order_num`, `url`, `target`, `menu_type`, `visible`, `perms`, `icon`, `remark`, `status`, `create_date`, `create_by`, `update_date`, `update_by`) VALUES ('114', '代码生成', '3', '2', '/tool/gen', '', 'C', '0', 'tool:gen:view', '#', '代码生成菜单', '0', '2018-03-16 11:33:00', 'admin', '2018-03-16 11:33:00', 'ry');
INSERT INTO `procure`.`sys_menu` (`menu_id`, `menu_name`, `parent_id`, `order_num`, `url`, `target`, `menu_type`, `visible`, `perms`, `icon`, `remark`, `status`, `create_date`, `create_by`, `update_date`, `update_by`) VALUES ('115', '系统接口', '3', '3', '/tool/swagger', '', 'C', '0', 'tool:swagger:view', '#', '系统接口菜单', '0', '2018-03-16 11:33:00', 'admin', '2018-03-16 11:33:00', 'ry');
INSERT INTO `procure`.`sys_menu` (`menu_id`, `menu_name`, `parent_id`, `order_num`, `url`, `target`, `menu_type`, `visible`, `perms`, `icon`, `remark`, `status`, `create_date`, `create_by`, `update_date`, `update_by`) VALUES ('500', '操作日志', '108', '1', '/monitor/operlog', '', 'C', '0', 'monitor:operlog:view', '#', '操作日志菜单', '0', '2018-03-16 11:33:00', 'admin', '2018-03-16 11:33:00', 'ry');
INSERT INTO `procure`.`sys_menu` (`menu_id`, `menu_name`, `parent_id`, `order_num`, `url`, `target`, `menu_type`, `visible`, `perms`, `icon`, `remark`, `status`, `create_date`, `create_by`, `update_date`, `update_by`) VALUES ('501', '登录日志', '108', '2', '/monitor/logininfor', '', 'C', '0', 'monitor:logininfor:view', '#', '登录日志菜单', '0', '2018-03-16 11:33:00', 'admin', '2018-03-16 11:33:00', 'ry');
INSERT INTO `procure`.`sys_menu` (`menu_id`, `menu_name`, `parent_id`, `order_num`, `url`, `target`, `menu_type`, `visible`, `perms`, `icon`, `remark`, `status`, `create_date`, `create_by`, `update_date`, `update_by`) VALUES ('1000', '用户查询', '100', '1', '#', 'menuItem', 'F', '0', 'system:user:list', '#', '', '0', '2018-03-16 11:33:00', 'admin', '2019-10-25 10:51:53', 'admin');
INSERT INTO `procure`.`sys_menu` (`menu_id`, `menu_name`, `parent_id`, `order_num`, `url`, `target`, `menu_type`, `visible`, `perms`, `icon`, `remark`, `status`, `create_date`, `create_by`, `update_date`, `update_by`) VALUES ('1001', '用户新增', '100', '2', '#', '', 'F', '0', 'system:user:add', '#', '', '0', '2018-03-16 11:33:00', 'admin', '2018-03-16 11:33:00', 'ry');
INSERT INTO `procure`.`sys_menu` (`menu_id`, `menu_name`, `parent_id`, `order_num`, `url`, `target`, `menu_type`, `visible`, `perms`, `icon`, `remark`, `status`, `create_date`, `create_by`, `update_date`, `update_by`) VALUES ('1002', '用户修改', '100', '3', '#', '', 'F', '0', 'system:user:edit', '#', '', '0', '2018-03-16 11:33:00', 'admin', '2018-03-16 11:33:00', 'ry');
INSERT INTO `procure`.`sys_menu` (`menu_id`, `menu_name`, `parent_id`, `order_num`, `url`, `target`, `menu_type`, `visible`, `perms`, `icon`, `remark`, `status`, `create_date`, `create_by`, `update_date`, `update_by`) VALUES ('1003', '用户删除', '100', '4', '#', '', 'F', '0', 'system:user:remove', '#', '', '0', '2018-03-16 11:33:00', 'admin', '2018-03-16 11:33:00', 'ry');
INSERT INTO `procure`.`sys_menu` (`menu_id`, `menu_name`, `parent_id`, `order_num`, `url`, `target`, `menu_type`, `visible`, `perms`, `icon`, `remark`, `status`, `create_date`, `create_by`, `update_date`, `update_by`) VALUES ('1004', '用户导出', '100', '5', '#', '', 'F', '0', 'system:user:export', '#', '', '0', '2018-03-16 11:33:00', 'admin', '2018-03-16 11:33:00', 'ry');
INSERT INTO `procure`.`sys_menu` (`menu_id`, `menu_name`, `parent_id`, `order_num`, `url`, `target`, `menu_type`, `visible`, `perms`, `icon`, `remark`, `status`, `create_date`, `create_by`, `update_date`, `update_by`) VALUES ('1005', '用户导入', '100', '6', '#', '', 'F', '0', 'system:user:import', '#', '', '0', '2018-03-16 11:33:00', 'admin', '2018-03-16 11:33:00', 'ry');
INSERT INTO `procure`.`sys_menu` (`menu_id`, `menu_name`, `parent_id`, `order_num`, `url`, `target`, `menu_type`, `visible`, `perms`, `icon`, `remark`, `status`, `create_date`, `create_by`, `update_date`, `update_by`) VALUES ('1006', '重置密码', '100', '7', '#', '', 'F', '0', 'system:user:resetPwd', '#', '', '0', '2018-03-16 11:33:00', 'admin', '2018-03-16 11:33:00', 'ry');
INSERT INTO `procure`.`sys_menu` (`menu_id`, `menu_name`, `parent_id`, `order_num`, `url`, `target`, `menu_type`, `visible`, `perms`, `icon`, `remark`, `status`, `create_date`, `create_by`, `update_date`, `update_by`) VALUES ('1007', '角色查询', '101', '1', '#', '', 'F', '0', 'system:role:list', '#', '', '0', '2018-03-16 11:33:00', 'admin', '2018-03-16 11:33:00', 'ry');
INSERT INTO `procure`.`sys_menu` (`menu_id`, `menu_name`, `parent_id`, `order_num`, `url`, `target`, `menu_type`, `visible`, `perms`, `icon`, `remark`, `status`, `create_date`, `create_by`, `update_date`, `update_by`) VALUES ('1008', '角色新增', '101', '2', '#', '', 'F', '0', 'system:role:add', '#', '', '0', '2018-03-16 11:33:00', 'admin', '2018-03-16 11:33:00', 'ry');
INSERT INTO `procure`.`sys_menu` (`menu_id`, `menu_name`, `parent_id`, `order_num`, `url`, `target`, `menu_type`, `visible`, `perms`, `icon`, `remark`, `status`, `create_date`, `create_by`, `update_date`, `update_by`) VALUES ('1009', '角色修改', '101', '3', '#', '', 'F', '0', 'system:role:edit', '#', '', '0', '2018-03-16 11:33:00', 'admin', '2018-03-16 11:33:00', 'ry');
INSERT INTO `procure`.`sys_menu` (`menu_id`, `menu_name`, `parent_id`, `order_num`, `url`, `target`, `menu_type`, `visible`, `perms`, `icon`, `remark`, `status`, `create_date`, `create_by`, `update_date`, `update_by`) VALUES ('1010', '角色删除', '101', '4', '#', '', 'F', '0', 'system:role:remove', '#', '', '0', '2018-03-16 11:33:00', 'admin', '2018-03-16 11:33:00', 'ry');
INSERT INTO `procure`.`sys_menu` (`menu_id`, `menu_name`, `parent_id`, `order_num`, `url`, `target`, `menu_type`, `visible`, `perms`, `icon`, `remark`, `status`, `create_date`, `create_by`, `update_date`, `update_by`) VALUES ('1011', '角色导出', '101', '5', '#', '', 'F', '0', 'system:role:export', '#', '', '0', '2018-03-16 11:33:00', 'admin', '2018-03-16 11:33:00', 'ry');
INSERT INTO `procure`.`sys_menu` (`menu_id`, `menu_name`, `parent_id`, `order_num`, `url`, `target`, `menu_type`, `visible`, `perms`, `icon`, `remark`, `status`, `create_date`, `create_by`, `update_date`, `update_by`) VALUES ('1012', '菜单查询', '102', '1', '#', '', 'F', '0', 'system:menu:list', '#', '', '0', '2018-03-16 11:33:00', 'admin', '2018-03-16 11:33:00', 'ry');
INSERT INTO `procure`.`sys_menu` (`menu_id`, `menu_name`, `parent_id`, `order_num`, `url`, `target`, `menu_type`, `visible`, `perms`, `icon`, `remark`, `status`, `create_date`, `create_by`, `update_date`, `update_by`) VALUES ('1013', '菜单新增', '102', '2', '#', '', 'F', '0', 'system:menu:add', '#', '', '0', '2018-03-16 11:33:00', 'admin', '2018-03-16 11:33:00', 'ry');
INSERT INTO `procure`.`sys_menu` (`menu_id`, `menu_name`, `parent_id`, `order_num`, `url`, `target`, `menu_type`, `visible`, `perms`, `icon`, `remark`, `status`, `create_date`, `create_by`, `update_date`, `update_by`) VALUES ('1014', '菜单修改', '102', '3', '#', '', 'F', '0', 'system:menu:edit', '#', '', '0', '2018-03-16 11:33:00', 'admin', '2018-03-16 11:33:00', 'ry');
INSERT INTO `procure`.`sys_menu` (`menu_id`, `menu_name`, `parent_id`, `order_num`, `url`, `target`, `menu_type`, `visible`, `perms`, `icon`, `remark`, `status`, `create_date`, `create_by`, `update_date`, `update_by`) VALUES ('1015', '菜单删除', '102', '4', '#', '', 'F', '0', 'system:menu:remove', '#', '', '0', '2018-03-16 11:33:00', 'admin', '2018-03-16 11:33:00', 'ry');
INSERT INTO `procure`.`sys_menu` (`menu_id`, `menu_name`, `parent_id`, `order_num`, `url`, `target`, `menu_type`, `visible`, `perms`, `icon`, `remark`, `status`, `create_date`, `create_by`, `update_date`, `update_by`) VALUES ('1016', '部门查询', '103', '1', '#', '', 'F', '0', 'system:dept:list', '#', '', '0', '2018-03-16 11:33:00', 'admin', '2018-03-16 11:33:00', 'ry');
INSERT INTO `procure`.`sys_menu` (`menu_id`, `menu_name`, `parent_id`, `order_num`, `url`, `target`, `menu_type`, `visible`, `perms`, `icon`, `remark`, `status`, `create_date`, `create_by`, `update_date`, `update_by`) VALUES ('1017', '部门新增', '103', '2', '#', '', 'F', '0', 'system:dept:add', '#', '', '0', '2018-03-16 11:33:00', 'admin', '2018-03-16 11:33:00', 'ry');
INSERT INTO `procure`.`sys_menu` (`menu_id`, `menu_name`, `parent_id`, `order_num`, `url`, `target`, `menu_type`, `visible`, `perms`, `icon`, `remark`, `status`, `create_date`, `create_by`, `update_date`, `update_by`) VALUES ('1018', '部门修改', '103', '3', '#', '', 'F', '0', 'system:dept:edit', '#', '', '0', '2018-03-16 11:33:00', 'admin', '2018-03-16 11:33:00', 'ry');
INSERT INTO `procure`.`sys_menu` (`menu_id`, `menu_name`, `parent_id`, `order_num`, `url`, `target`, `menu_type`, `visible`, `perms`, `icon`, `remark`, `status`, `create_date`, `create_by`, `update_date`, `update_by`) VALUES ('1019', '部门删除', '103', '4', '#', '', 'F', '0', 'system:dept:remove', '#', '', '0', '2018-03-16 11:33:00', 'admin', '2018-03-16 11:33:00', 'ry');
INSERT INTO `procure`.`sys_menu` (`menu_id`, `menu_name`, `parent_id`, `order_num`, `url`, `target`, `menu_type`, `visible`, `perms`, `icon`, `remark`, `status`, `create_date`, `create_by`, `update_date`, `update_by`) VALUES ('1020', '岗位查询', '104', '1', '#', '', 'F', '0', 'system:post:list', '#', '', '0', '2018-03-16 11:33:00', 'admin', '2018-03-16 11:33:00', 'ry');
INSERT INTO `procure`.`sys_menu` (`menu_id`, `menu_name`, `parent_id`, `order_num`, `url`, `target`, `menu_type`, `visible`, `perms`, `icon`, `remark`, `status`, `create_date`, `create_by`, `update_date`, `update_by`) VALUES ('1021', '岗位新增', '104', '2', '#', '', 'F', '0', 'system:post:add', '#', '', '0', '2018-03-16 11:33:00', 'admin', '2018-03-16 11:33:00', 'ry');
INSERT INTO `procure`.`sys_menu` (`menu_id`, `menu_name`, `parent_id`, `order_num`, `url`, `target`, `menu_type`, `visible`, `perms`, `icon`, `remark`, `status`, `create_date`, `create_by`, `update_date`, `update_by`) VALUES ('1022', '岗位修改', '104', '3', '#', '', 'F', '0', 'system:post:edit', '#', '', '0', '2018-03-16 11:33:00', 'admin', '2018-03-16 11:33:00', 'ry');
INSERT INTO `procure`.`sys_menu` (`menu_id`, `menu_name`, `parent_id`, `order_num`, `url`, `target`, `menu_type`, `visible`, `perms`, `icon`, `remark`, `status`, `create_date`, `create_by`, `update_date`, `update_by`) VALUES ('1023', '岗位删除', '104', '4', '#', '', 'F', '0', 'system:post:remove', '#', '', '0', '2018-03-16 11:33:00', 'admin', '2018-03-16 11:33:00', 'ry');
INSERT INTO `procure`.`sys_menu` (`menu_id`, `menu_name`, `parent_id`, `order_num`, `url`, `target`, `menu_type`, `visible`, `perms`, `icon`, `remark`, `status`, `create_date`, `create_by`, `update_date`, `update_by`) VALUES ('1024', '岗位导出', '104', '5', '#', '', 'F', '0', 'system:post:export', '#', '', '0', '2018-03-16 11:33:00', 'admin', '2018-03-16 11:33:00', 'ry');
INSERT INTO `procure`.`sys_menu` (`menu_id`, `menu_name`, `parent_id`, `order_num`, `url`, `target`, `menu_type`, `visible`, `perms`, `icon`, `remark`, `status`, `create_date`, `create_by`, `update_date`, `update_by`) VALUES ('1025', '字典查询', '105', '1', '#', '', 'F', '0', 'system:dict:list', '#', '', '0', '2018-03-16 11:33:00', 'admin', '2018-03-16 11:33:00', 'ry');
INSERT INTO `procure`.`sys_menu` (`menu_id`, `menu_name`, `parent_id`, `order_num`, `url`, `target`, `menu_type`, `visible`, `perms`, `icon`, `remark`, `status`, `create_date`, `create_by`, `update_date`, `update_by`) VALUES ('1026', '字典新增', '105', '2', '#', '', 'F', '0', 'system:dict:add', '#', '', '0', '2018-03-16 11:33:00', 'admin', '2018-03-16 11:33:00', 'ry');
INSERT INTO `procure`.`sys_menu` (`menu_id`, `menu_name`, `parent_id`, `order_num`, `url`, `target`, `menu_type`, `visible`, `perms`, `icon`, `remark`, `status`, `create_date`, `create_by`, `update_date`, `update_by`) VALUES ('1027', '字典修改', '105', '3', '#', '', 'F', '0', 'system:dict:edit', '#', '', '0', '2018-03-16 11:33:00', 'admin', '2018-03-16 11:33:00', 'ry');
INSERT INTO `procure`.`sys_menu` (`menu_id`, `menu_name`, `parent_id`, `order_num`, `url`, `target`, `menu_type`, `visible`, `perms`, `icon`, `remark`, `status`, `create_date`, `create_by`, `update_date`, `update_by`) VALUES ('1028', '字典删除', '105', '4', '#', '', 'F', '0', 'system:dict:remove', '#', '', '0', '2018-03-16 11:33:00', 'admin', '2018-03-16 11:33:00', 'ry');
INSERT INTO `procure`.`sys_menu` (`menu_id`, `menu_name`, `parent_id`, `order_num`, `url`, `target`, `menu_type`, `visible`, `perms`, `icon`, `remark`, `status`, `create_date`, `create_by`, `update_date`, `update_by`) VALUES ('1029', '字典导出', '105', '5', '#', '', 'F', '0', 'system:dict:export', '#', '', '0', '2018-03-16 11:33:00', 'admin', '2018-03-16 11:33:00', 'ry');
INSERT INTO `procure`.`sys_menu` (`menu_id`, `menu_name`, `parent_id`, `order_num`, `url`, `target`, `menu_type`, `visible`, `perms`, `icon`, `remark`, `status`, `create_date`, `create_by`, `update_date`, `update_by`) VALUES ('1030', '参数查询', '106', '1', '#', '', 'F', '0', 'system:config:list', '#', '', '0', '2018-03-16 11:33:00', 'admin', '2018-03-16 11:33:00', 'ry');
INSERT INTO `procure`.`sys_menu` (`menu_id`, `menu_name`, `parent_id`, `order_num`, `url`, `target`, `menu_type`, `visible`, `perms`, `icon`, `remark`, `status`, `create_date`, `create_by`, `update_date`, `update_by`) VALUES ('1031', '参数新增', '106', '2', '#', '', 'F', '0', 'system:config:add', '#', '', '0', '2018-03-16 11:33:00', 'admin', '2018-03-16 11:33:00', 'ry');
INSERT INTO `procure`.`sys_menu` (`menu_id`, `menu_name`, `parent_id`, `order_num`, `url`, `target`, `menu_type`, `visible`, `perms`, `icon`, `remark`, `status`, `create_date`, `create_by`, `update_date`, `update_by`) VALUES ('1032', '参数修改', '106', '3', '#', '', 'F', '0', 'system:config:edit', '#', '', '0', '2018-03-16 11:33:00', 'admin', '2018-03-16 11:33:00', 'ry');
INSERT INTO `procure`.`sys_menu` (`menu_id`, `menu_name`, `parent_id`, `order_num`, `url`, `target`, `menu_type`, `visible`, `perms`, `icon`, `remark`, `status`, `create_date`, `create_by`, `update_date`, `update_by`) VALUES ('1033', '参数删除', '106', '4', '#', '', 'F', '0', 'system:config:remove', '#', '', '0', '2018-03-16 11:33:00', 'admin', '2018-03-16 11:33:00', 'ry');
INSERT INTO `procure`.`sys_menu` (`menu_id`, `menu_name`, `parent_id`, `order_num`, `url`, `target`, `menu_type`, `visible`, `perms`, `icon`, `remark`, `status`, `create_date`, `create_by`, `update_date`, `update_by`) VALUES ('1034', '参数导出', '106', '5', '#', '', 'F', '0', 'system:config:export', '#', '', '0', '2018-03-16 11:33:00', 'admin', '2018-03-16 11:33:00', 'ry');
INSERT INTO `procure`.`sys_menu` (`menu_id`, `menu_name`, `parent_id`, `order_num`, `url`, `target`, `menu_type`, `visible`, `perms`, `icon`, `remark`, `status`, `create_date`, `create_by`, `update_date`, `update_by`) VALUES ('1035', '公告查询', '107', '1', '#', '', 'F', '0', 'system:notice:list', '#', '', '0', '2018-03-16 11:33:00', 'admin', '2018-03-16 11:33:00', 'ry');
INSERT INTO `procure`.`sys_menu` (`menu_id`, `menu_name`, `parent_id`, `order_num`, `url`, `target`, `menu_type`, `visible`, `perms`, `icon`, `remark`, `status`, `create_date`, `create_by`, `update_date`, `update_by`) VALUES ('1036', '公告新增', '107', '2', '#', '', 'F', '0', 'system:notice:add', '#', '', '0', '2018-03-16 11:33:00', 'admin', '2018-03-16 11:33:00', 'ry');
INSERT INTO `procure`.`sys_menu` (`menu_id`, `menu_name`, `parent_id`, `order_num`, `url`, `target`, `menu_type`, `visible`, `perms`, `icon`, `remark`, `status`, `create_date`, `create_by`, `update_date`, `update_by`) VALUES ('1037', '公告修改', '107', '3', '#', '', 'F', '0', 'system:notice:edit', '#', '', '0', '2018-03-16 11:33:00', 'admin', '2018-03-16 11:33:00', 'ry');
INSERT INTO `procure`.`sys_menu` (`menu_id`, `menu_name`, `parent_id`, `order_num`, `url`, `target`, `menu_type`, `visible`, `perms`, `icon`, `remark`, `status`, `create_date`, `create_by`, `update_date`, `update_by`) VALUES ('1038', '公告删除', '107', '4', '#', '', 'F', '0', 'system:notice:remove', '#', '', '0', '2018-03-16 11:33:00', 'admin', '2018-03-16 11:33:00', 'ry');
INSERT INTO `procure`.`sys_menu` (`menu_id`, `menu_name`, `parent_id`, `order_num`, `url`, `target`, `menu_type`, `visible`, `perms`, `icon`, `remark`, `status`, `create_date`, `create_by`, `update_date`, `update_by`) VALUES ('1039', '操作查询', '500', '1', '#', '', 'F', '0', 'monitor:operlog:list', '#', '', '0', '2018-03-16 11:33:00', 'admin', '2018-03-16 11:33:00', 'ry');
INSERT INTO `procure`.`sys_menu` (`menu_id`, `menu_name`, `parent_id`, `order_num`, `url`, `target`, `menu_type`, `visible`, `perms`, `icon`, `remark`, `status`, `create_date`, `create_by`, `update_date`, `update_by`) VALUES ('1040', '操作删除', '500', '2', '#', '', 'F', '0', 'monitor:operlog:remove', '#', '', '0', '2018-03-16 11:33:00', 'admin', '2018-03-16 11:33:00', 'ry');
INSERT INTO `procure`.`sys_menu` (`menu_id`, `menu_name`, `parent_id`, `order_num`, `url`, `target`, `menu_type`, `visible`, `perms`, `icon`, `remark`, `status`, `create_date`, `create_by`, `update_date`, `update_by`) VALUES ('1041', '详细信息', '500', '3', '#', '', 'F', '0', 'monitor:operlog:detail', '#', '', '0', '2018-03-16 11:33:00', 'admin', '2018-03-16 11:33:00', 'ry');
INSERT INTO `procure`.`sys_menu` (`menu_id`, `menu_name`, `parent_id`, `order_num`, `url`, `target`, `menu_type`, `visible`, `perms`, `icon`, `remark`, `status`, `create_date`, `create_by`, `update_date`, `update_by`) VALUES ('1042', '日志导出', '500', '4', '#', '', 'F', '0', 'monitor:operlog:export', '#', '', '0', '2018-03-16 11:33:00', 'admin', '2018-03-16 11:33:00', 'ry');
INSERT INTO `procure`.`sys_menu` (`menu_id`, `menu_name`, `parent_id`, `order_num`, `url`, `target`, `menu_type`, `visible`, `perms`, `icon`, `remark`, `status`, `create_date`, `create_by`, `update_date`, `update_by`) VALUES ('1043', '登录查询', '501', '1', '#', '', 'F', '0', 'monitor:logininfor:list', '#', '', '0', '2018-03-16 11:33:00', 'admin', '2018-03-16 11:33:00', 'ry');
INSERT INTO `procure`.`sys_menu` (`menu_id`, `menu_name`, `parent_id`, `order_num`, `url`, `target`, `menu_type`, `visible`, `perms`, `icon`, `remark`, `status`, `create_date`, `create_by`, `update_date`, `update_by`) VALUES ('1044', '登录删除', '501', '2', '#', '', 'F', '0', 'monitor:logininfor:remove', '#', '', '0', '2018-03-16 11:33:00', 'admin', '2018-03-16 11:33:00', 'ry');
INSERT INTO `procure`.`sys_menu` (`menu_id`, `menu_name`, `parent_id`, `order_num`, `url`, `target`, `menu_type`, `visible`, `perms`, `icon`, `remark`, `status`, `create_date`, `create_by`, `update_date`, `update_by`) VALUES ('1045', '日志导出', '501', '3', '#', '', 'F', '0', 'monitor:logininfor:export', '#', '', '0', '2018-03-16 11:33:00', 'admin', '2018-03-16 11:33:00', 'ry');
INSERT INTO `procure`.`sys_menu` (`menu_id`, `menu_name`, `parent_id`, `order_num`, `url`, `target`, `menu_type`, `visible`, `perms`, `icon`, `remark`, `status`, `create_date`, `create_by`, `update_date`, `update_by`) VALUES ('1046', '账户解锁', '501', '4', '#', '', 'F', '0', 'monitor:logininfor:unlock', '#', '', '0', '2018-03-16 11:33:00', 'admin', '2018-03-16 11:33:00', 'ry');
INSERT INTO `procure`.`sys_menu` (`menu_id`, `menu_name`, `parent_id`, `order_num`, `url`, `target`, `menu_type`, `visible`, `perms`, `icon`, `remark`, `status`, `create_date`, `create_by`, `update_date`, `update_by`) VALUES ('1047', '在线查询', '109', '1', '#', '', 'F', '0', 'monitor:online:list', '#', '', '0', '2018-03-16 11:33:00', 'admin', '2018-03-16 11:33:00', 'ry');
INSERT INTO `procure`.`sys_menu` (`menu_id`, `menu_name`, `parent_id`, `order_num`, `url`, `target`, `menu_type`, `visible`, `perms`, `icon`, `remark`, `status`, `create_date`, `create_by`, `update_date`, `update_by`) VALUES ('1048', '批量强退', '109', '2', '#', '', 'F', '0', 'monitor:online:batchForceLogout', '#', '', '0', '2018-03-16 11:33:00', 'admin', '2018-03-16 11:33:00', 'ry');
INSERT INTO `procure`.`sys_menu` (`menu_id`, `menu_name`, `parent_id`, `order_num`, `url`, `target`, `menu_type`, `visible`, `perms`, `icon`, `remark`, `status`, `create_date`, `create_by`, `update_date`, `update_by`) VALUES ('1049', '单条强退', '109', '3', '#', '', 'F', '0', 'monitor:online:forceLogout', '#', '', '0', '2018-03-16 11:33:00', 'admin', '2018-03-16 11:33:00', 'ry');
INSERT INTO `procure`.`sys_menu` (`menu_id`, `menu_name`, `parent_id`, `order_num`, `url`, `target`, `menu_type`, `visible`, `perms`, `icon`, `remark`, `status`, `create_date`, `create_by`, `update_date`, `update_by`) VALUES ('1050', '任务查询', '110', '1', '#', '', 'F', '0', 'monitor:job:list', '#', '', '0', '2018-03-16 11:33:00', 'admin', '2018-03-16 11:33:00', 'ry');
INSERT INTO `procure`.`sys_menu` (`menu_id`, `menu_name`, `parent_id`, `order_num`, `url`, `target`, `menu_type`, `visible`, `perms`, `icon`, `remark`, `status`, `create_date`, `create_by`, `update_date`, `update_by`) VALUES ('1051', '任务新增', '110', '2', '#', '', 'F', '0', 'monitor:job:add', '#', '', '0', '2018-03-16 11:33:00', 'admin', '2018-03-16 11:33:00', 'ry');
INSERT INTO `procure`.`sys_menu` (`menu_id`, `menu_name`, `parent_id`, `order_num`, `url`, `target`, `menu_type`, `visible`, `perms`, `icon`, `remark`, `status`, `create_date`, `create_by`, `update_date`, `update_by`) VALUES ('1052', '任务修改', '110', '3', '#', '', 'F', '0', 'monitor:job:edit', '#', '', '0', '2018-03-16 11:33:00', 'admin', '2018-03-16 11:33:00', 'ry');
INSERT INTO `procure`.`sys_menu` (`menu_id`, `menu_name`, `parent_id`, `order_num`, `url`, `target`, `menu_type`, `visible`, `perms`, `icon`, `remark`, `status`, `create_date`, `create_by`, `update_date`, `update_by`) VALUES ('1053', '任务删除', '110', '4', '#', '', 'F', '0', 'monitor:job:remove', '#', '', '0', '2018-03-16 11:33:00', 'admin', '2018-03-16 11:33:00', 'ry');
INSERT INTO `procure`.`sys_menu` (`menu_id`, `menu_name`, `parent_id`, `order_num`, `url`, `target`, `menu_type`, `visible`, `perms`, `icon`, `remark`, `status`, `create_date`, `create_by`, `update_date`, `update_by`) VALUES ('1054', '状态修改', '110', '5', '#', '', 'F', '0', 'monitor:job:changeStatus', '#', '', '0', '2018-03-16 11:33:00', 'admin', '2018-03-16 11:33:00', 'ry');
INSERT INTO `procure`.`sys_menu` (`menu_id`, `menu_name`, `parent_id`, `order_num`, `url`, `target`, `menu_type`, `visible`, `perms`, `icon`, `remark`, `status`, `create_date`, `create_by`, `update_date`, `update_by`) VALUES ('1055', '任务详细', '110', '6', '#', '', 'F', '0', 'monitor:job:detail', '#', '', '0', '2018-03-16 11:33:00', 'admin', '2018-03-16 11:33:00', 'ry');
INSERT INTO `procure`.`sys_menu` (`menu_id`, `menu_name`, `parent_id`, `order_num`, `url`, `target`, `menu_type`, `visible`, `perms`, `icon`, `remark`, `status`, `create_date`, `create_by`, `update_date`, `update_by`) VALUES ('1056', '任务导出', '110', '7', '#', '', 'F', '0', 'monitor:job:export', '#', '', '0', '2018-03-16 11:33:00', 'admin', '2018-03-16 11:33:00', 'ry');
INSERT INTO `procure`.`sys_menu` (`menu_id`, `menu_name`, `parent_id`, `order_num`, `url`, `target`, `menu_type`, `visible`, `perms`, `icon`, `remark`, `status`, `create_date`, `create_by`, `update_date`, `update_by`) VALUES ('1057', '生成查询', '114', '1', '#', '', 'F', '0', 'tool:gen:list', '#', '', '0', '2018-03-16 11:33:00', 'admin', '2018-03-16 11:33:00', 'ry');
INSERT INTO `procure`.`sys_menu` (`menu_id`, `menu_name`, `parent_id`, `order_num`, `url`, `target`, `menu_type`, `visible`, `perms`, `icon`, `remark`, `status`, `create_date`, `create_by`, `update_date`, `update_by`) VALUES ('1058', '生成修改', '114', '2', '#', '', 'F', '0', 'tool:gen:edit', '#', '', '0', '2018-03-16 11:33:00', 'admin', '2018-03-16 11:33:00', 'ry');
INSERT INTO `procure`.`sys_menu` (`menu_id`, `menu_name`, `parent_id`, `order_num`, `url`, `target`, `menu_type`, `visible`, `perms`, `icon`, `remark`, `status`, `create_date`, `create_by`, `update_date`, `update_by`) VALUES ('1059', '生成删除', '114', '3', '#', '', 'F', '0', 'tool:gen:remove', '#', '', '0', '2018-03-16 11:33:00', 'admin', '2018-03-16 11:33:00', 'ry');
INSERT INTO `procure`.`sys_menu` (`menu_id`, `menu_name`, `parent_id`, `order_num`, `url`, `target`, `menu_type`, `visible`, `perms`, `icon`, `remark`, `status`, `create_date`, `create_by`, `update_date`, `update_by`) VALUES ('1060', '预览代码', '114', '4', '#', '', 'F', '0', 'tool:gen:preview', '#', '', '0', '2018-03-16 11:33:00', 'admin', '2018-03-16 11:33:00', 'ry');
INSERT INTO `procure`.`sys_menu` (`menu_id`, `menu_name`, `parent_id`, `order_num`, `url`, `target`, `menu_type`, `visible`, `perms`, `icon`, `remark`, `status`, `create_date`, `create_by`, `update_date`, `update_by`) VALUES ('1061', '生成代码', '114', '5', '#', '', 'F', '0', 'tool:gen:code', '#', '', '0', '2018-03-16 11:33:00', 'admin', '2018-03-16 11:33:00', 'ry');
INSERT INTO `procure`.`sys_menu` (`menu_id`, `menu_name`, `parent_id`, `order_num`, `url`, `target`, `menu_type`, `visible`, `perms`, `icon`, `remark`, `status`, `create_date`, `create_by`, `update_date`, `update_by`) VALUES ('2001', 'asfads', '1', '11', '#', 'menuItem', 'M', '0', NULL, '#', '', '0', '2019-10-25 10:24:58', 'admin', NULL, '');
INSERT INTO `procure`.`sys_menu` (`menu_id`, `menu_name`, `parent_id`, `order_num`, `url`, `target`, `menu_type`, `visible`, `perms`, `icon`, `remark`, `status`, `create_date`, `create_by`, `update_date`, `update_by`) VALUES ('2002', 'ddd', '2001', '12', '#', 'menuItem', 'M', '0', '', '#', '', '0', '2019-10-25 10:25:21', 'admin', '2019-10-30 09:22:44', 'admin');
INSERT INTO `procure`.`sys_menu` (`menu_id`, `menu_name`, `parent_id`, `order_num`, `url`, `target`, `menu_type`, `visible`, `perms`, `icon`, `remark`, `status`, `create_date`, `create_by`, `update_date`, `update_by`) VALUES ('2003', 'dddd', '2002', '12', '#', 'menuItem', 'M', '0', NULL, '#', '', '0', '2019-10-25 10:25:45', 'admin', NULL, '');
INSERT INTO `procure`.`sys_menu` (`menu_id`, `menu_name`, `parent_id`, `order_num`, `url`, `target`, `menu_type`, `visible`, `perms`, `icon`, `remark`, `status`, `create_date`, `create_by`, `update_date`, `update_by`) VALUES ('2004', '采购管理系统', '0', '1', '#', 'menuItem', 'M', '0', NULL, '#', '', '0', '2019-10-25 10:31:34', 'admin', NULL, '');
INSERT INTO `procure`.`sys_menu` (`menu_id`, `menu_name`, `parent_id`, `order_num`, `url`, `target`, `menu_type`, `visible`, `perms`, `icon`, `remark`, `status`, `create_date`, `create_by`, `update_date`, `update_by`) VALUES ('2005', '合同', '2004', '1', '#', 'menuItem', 'M', '0', NULL, '#', '', '0', '2019-10-25 10:31:44', 'admin', NULL, '');
INSERT INTO `procure`.`sys_menu` (`menu_id`, `menu_name`, `parent_id`, `order_num`, `url`, `target`, `menu_type`, `visible`, `perms`, `icon`, `remark`, `status`, `create_date`, `create_by`, `update_date`, `update_by`) VALUES ('2006', '合同管理', '2005', '1', '#', 'menuItem', 'M', '0', NULL, '#', '', '0', '2019-10-25 10:31:57', 'admin', NULL, '');
INSERT INTO `procure`.`sys_menu` (`menu_id`, `menu_name`, `parent_id`, `order_num`, `url`, `target`, `menu_type`, `visible`, `perms`, `icon`, `remark`, `status`, `create_date`, `create_by`, `update_date`, `update_by`) VALUES ('2007', '合同管理1', '2006', '1', '#', 'menuItem', 'M', '0', NULL, '#', '', '0', '2019-10-25 10:32:11', 'admin', NULL, '');
INSERT INTO `procure`.`sys_menu` (`menu_id`, `menu_name`, `parent_id`, `order_num`, `url`, `target`, `menu_type`, `visible`, `perms`, `icon`, `remark`, `status`, `create_date`, `create_by`, `update_date`, `update_by`) VALUES ('2008', '查询', '2007', '1', '#', 'menuItem', 'C', '0', NULL, '#', '', '0', '2019-10-25 10:32:26', 'admin', NULL, '');
INSERT INTO `procure`.`sys_menu` (`menu_id`, `menu_name`, `parent_id`, `order_num`, `url`, `target`, `menu_type`, `visible`, `perms`, `icon`, `remark`, `status`, `create_date`, `create_by`, `update_date`, `update_by`) VALUES ('2009', 'wangfeng测试', '2004', '1', '', 'menuItem', 'M', '0', '', 'fa fa-battery-1', NULL, '0', '2019-10-30 09:23:19', 'admin', '2019-10-30 09:23:32', 'admin');


INSERT INTO `procure`.`sys_post` (`post_id`, `post_code`, `post_name`, `post_sort`, `status`, `create_date`, `create_by`, `update_date`, `update_by`, `remark`) VALUES ('1', 'ceo', '董事长', '1', '0', '2018-03-16 11:33:00', 'admin', '2018-03-16 11:33:00', 'ry', '');
INSERT INTO `procure`.`sys_post` (`post_id`, `post_code`, `post_name`, `post_sort`, `status`, `create_date`, `create_by`, `update_date`, `update_by`, `remark`) VALUES ('2', 'se', '项目经理', '2', '0', '2018-03-16 11:33:00', 'admin', '2018-03-16 11:33:00', 'ry', '');
INSERT INTO `procure`.`sys_post` (`post_id`, `post_code`, `post_name`, `post_sort`, `status`, `create_date`, `create_by`, `update_date`, `update_by`, `remark`) VALUES ('3', 'hr', '人力资源', '3', '0', '2018-03-16 11:33:00', 'admin', '2018-03-16 11:33:00', 'ry', '');
INSERT INTO `procure`.`sys_post` (`post_id`, `post_code`, `post_name`, `post_sort`, `status`, `create_date`, `create_by`, `update_date`, `update_by`, `remark`) VALUES ('4', 'user', '普通员工', '4', '0', '2018-03-16 11:33:00', 'admin', '2018-03-16 11:33:00', 'ry', '');


INSERT INTO `procure`.`sys_role` (`role_id`, `role_name`, `role_key`, `role_sort`, `data_scope`, `remark`, `status`, `create_date`, `create_by`, `update_date`, `update_by`) VALUES ('1', '管理员', 'admin', '1', '1', '管理员', '0', '2018-03-16 11:33:00', 'admin', '2018-03-16 11:33:00', 'ry');
INSERT INTO `procure`.`sys_role` (`role_id`, `role_name`, `role_key`, `role_sort`, `data_scope`, `remark`, `status`, `create_date`, `create_by`, `update_date`, `update_by`) VALUES ('2', '普通角色', 'common', '2', '2', '普通角色', '0', '2018-03-16 11:33:00', 'admin', '2018-03-16 11:33:00', 'ry');


INSERT INTO `procure`.`sys_role_dept` (`role_id`, `dept_id`) VALUES ('2', '100');
INSERT INTO `procure`.`sys_role_dept` (`role_id`, `dept_id`) VALUES ('2', '105');


INSERT INTO `procure`.`sys_role_menu` (`role_id`, `menu_id`) VALUES ('2', '1');
INSERT INTO `procure`.`sys_role_menu` (`role_id`, `menu_id`) VALUES ('2', '2');
INSERT INTO `procure`.`sys_role_menu` (`role_id`, `menu_id`) VALUES ('2', '3');
INSERT INTO `procure`.`sys_role_menu` (`role_id`, `menu_id`) VALUES ('2', '100');
INSERT INTO `procure`.`sys_role_menu` (`role_id`, `menu_id`) VALUES ('2', '101');
INSERT INTO `procure`.`sys_role_menu` (`role_id`, `menu_id`) VALUES ('2', '102');
INSERT INTO `procure`.`sys_role_menu` (`role_id`, `menu_id`) VALUES ('2', '103');
INSERT INTO `procure`.`sys_role_menu` (`role_id`, `menu_id`) VALUES ('2', '104');
INSERT INTO `procure`.`sys_role_menu` (`role_id`, `menu_id`) VALUES ('2', '105');
INSERT INTO `procure`.`sys_role_menu` (`role_id`, `menu_id`) VALUES ('2', '106');
INSERT INTO `procure`.`sys_role_menu` (`role_id`, `menu_id`) VALUES ('2', '107');
INSERT INTO `procure`.`sys_role_menu` (`role_id`, `menu_id`) VALUES ('2', '108');
INSERT INTO `procure`.`sys_role_menu` (`role_id`, `menu_id`) VALUES ('2', '109');
INSERT INTO `procure`.`sys_role_menu` (`role_id`, `menu_id`) VALUES ('2', '110');
INSERT INTO `procure`.`sys_role_menu` (`role_id`, `menu_id`) VALUES ('2', '111');
INSERT INTO `procure`.`sys_role_menu` (`role_id`, `menu_id`) VALUES ('2', '112');
INSERT INTO `procure`.`sys_role_menu` (`role_id`, `menu_id`) VALUES ('2', '113');
INSERT INTO `procure`.`sys_role_menu` (`role_id`, `menu_id`) VALUES ('2', '114');
INSERT INTO `procure`.`sys_role_menu` (`role_id`, `menu_id`) VALUES ('2', '115');
INSERT INTO `procure`.`sys_role_menu` (`role_id`, `menu_id`) VALUES ('2', '500');
INSERT INTO `procure`.`sys_role_menu` (`role_id`, `menu_id`) VALUES ('2', '501');
INSERT INTO `procure`.`sys_role_menu` (`role_id`, `menu_id`) VALUES ('2', '1000');
INSERT INTO `procure`.`sys_role_menu` (`role_id`, `menu_id`) VALUES ('2', '1001');
INSERT INTO `procure`.`sys_role_menu` (`role_id`, `menu_id`) VALUES ('2', '1002');
INSERT INTO `procure`.`sys_role_menu` (`role_id`, `menu_id`) VALUES ('2', '1003');
INSERT INTO `procure`.`sys_role_menu` (`role_id`, `menu_id`) VALUES ('2', '1004');
INSERT INTO `procure`.`sys_role_menu` (`role_id`, `menu_id`) VALUES ('2', '1005');
INSERT INTO `procure`.`sys_role_menu` (`role_id`, `menu_id`) VALUES ('2', '1006');
INSERT INTO `procure`.`sys_role_menu` (`role_id`, `menu_id`) VALUES ('2', '1007');
INSERT INTO `procure`.`sys_role_menu` (`role_id`, `menu_id`) VALUES ('2', '1008');
INSERT INTO `procure`.`sys_role_menu` (`role_id`, `menu_id`) VALUES ('2', '1009');
INSERT INTO `procure`.`sys_role_menu` (`role_id`, `menu_id`) VALUES ('2', '1010');
INSERT INTO `procure`.`sys_role_menu` (`role_id`, `menu_id`) VALUES ('2', '1011');
INSERT INTO `procure`.`sys_role_menu` (`role_id`, `menu_id`) VALUES ('2', '1012');
INSERT INTO `procure`.`sys_role_menu` (`role_id`, `menu_id`) VALUES ('2', '1013');
INSERT INTO `procure`.`sys_role_menu` (`role_id`, `menu_id`) VALUES ('2', '1014');
INSERT INTO `procure`.`sys_role_menu` (`role_id`, `menu_id`) VALUES ('2', '1015');
INSERT INTO `procure`.`sys_role_menu` (`role_id`, `menu_id`) VALUES ('2', '1016');
INSERT INTO `procure`.`sys_role_menu` (`role_id`, `menu_id`) VALUES ('2', '1017');
INSERT INTO `procure`.`sys_role_menu` (`role_id`, `menu_id`) VALUES ('2', '1018');
INSERT INTO `procure`.`sys_role_menu` (`role_id`, `menu_id`) VALUES ('2', '1019');
INSERT INTO `procure`.`sys_role_menu` (`role_id`, `menu_id`) VALUES ('2', '1020');
INSERT INTO `procure`.`sys_role_menu` (`role_id`, `menu_id`) VALUES ('2', '1021');
INSERT INTO `procure`.`sys_role_menu` (`role_id`, `menu_id`) VALUES ('2', '1022');
INSERT INTO `procure`.`sys_role_menu` (`role_id`, `menu_id`) VALUES ('2', '1023');
INSERT INTO `procure`.`sys_role_menu` (`role_id`, `menu_id`) VALUES ('2', '1024');
INSERT INTO `procure`.`sys_role_menu` (`role_id`, `menu_id`) VALUES ('2', '1025');
INSERT INTO `procure`.`sys_role_menu` (`role_id`, `menu_id`) VALUES ('2', '1026');
INSERT INTO `procure`.`sys_role_menu` (`role_id`, `menu_id`) VALUES ('2', '1027');
INSERT INTO `procure`.`sys_role_menu` (`role_id`, `menu_id`) VALUES ('2', '1028');
INSERT INTO `procure`.`sys_role_menu` (`role_id`, `menu_id`) VALUES ('2', '1029');
INSERT INTO `procure`.`sys_role_menu` (`role_id`, `menu_id`) VALUES ('2', '1030');
INSERT INTO `procure`.`sys_role_menu` (`role_id`, `menu_id`) VALUES ('2', '1031');
INSERT INTO `procure`.`sys_role_menu` (`role_id`, `menu_id`) VALUES ('2', '1032');
INSERT INTO `procure`.`sys_role_menu` (`role_id`, `menu_id`) VALUES ('2', '1033');
INSERT INTO `procure`.`sys_role_menu` (`role_id`, `menu_id`) VALUES ('2', '1034');
INSERT INTO `procure`.`sys_role_menu` (`role_id`, `menu_id`) VALUES ('2', '1035');
INSERT INTO `procure`.`sys_role_menu` (`role_id`, `menu_id`) VALUES ('2', '1036');
INSERT INTO `procure`.`sys_role_menu` (`role_id`, `menu_id`) VALUES ('2', '1037');
INSERT INTO `procure`.`sys_role_menu` (`role_id`, `menu_id`) VALUES ('2', '1038');
INSERT INTO `procure`.`sys_role_menu` (`role_id`, `menu_id`) VALUES ('2', '1039');
INSERT INTO `procure`.`sys_role_menu` (`role_id`, `menu_id`) VALUES ('2', '1040');
INSERT INTO `procure`.`sys_role_menu` (`role_id`, `menu_id`) VALUES ('2', '1041');
INSERT INTO `procure`.`sys_role_menu` (`role_id`, `menu_id`) VALUES ('2', '1042');
INSERT INTO `procure`.`sys_role_menu` (`role_id`, `menu_id`) VALUES ('2', '1043');
INSERT INTO `procure`.`sys_role_menu` (`role_id`, `menu_id`) VALUES ('2', '1044');
INSERT INTO `procure`.`sys_role_menu` (`role_id`, `menu_id`) VALUES ('2', '1045');
INSERT INTO `procure`.`sys_role_menu` (`role_id`, `menu_id`) VALUES ('2', '1046');
INSERT INTO `procure`.`sys_role_menu` (`role_id`, `menu_id`) VALUES ('2', '1047');
INSERT INTO `procure`.`sys_role_menu` (`role_id`, `menu_id`) VALUES ('2', '1048');
INSERT INTO `procure`.`sys_role_menu` (`role_id`, `menu_id`) VALUES ('2', '1049');
INSERT INTO `procure`.`sys_role_menu` (`role_id`, `menu_id`) VALUES ('2', '1050');
INSERT INTO `procure`.`sys_role_menu` (`role_id`, `menu_id`) VALUES ('2', '1051');
INSERT INTO `procure`.`sys_role_menu` (`role_id`, `menu_id`) VALUES ('2', '1052');
INSERT INTO `procure`.`sys_role_menu` (`role_id`, `menu_id`) VALUES ('2', '1053');
INSERT INTO `procure`.`sys_role_menu` (`role_id`, `menu_id`) VALUES ('2', '1054');
INSERT INTO `procure`.`sys_role_menu` (`role_id`, `menu_id`) VALUES ('2', '1055');
INSERT INTO `procure`.`sys_role_menu` (`role_id`, `menu_id`) VALUES ('2', '1056');
INSERT INTO `procure`.`sys_role_menu` (`role_id`, `menu_id`) VALUES ('2', '1057');
INSERT INTO `procure`.`sys_role_menu` (`role_id`, `menu_id`) VALUES ('2', '1058');
INSERT INTO `procure`.`sys_role_menu` (`role_id`, `menu_id`) VALUES ('2', '1059');
INSERT INTO `procure`.`sys_role_menu` (`role_id`, `menu_id`) VALUES ('2', '1060');
INSERT INTO `procure`.`sys_role_menu` (`role_id`, `menu_id`) VALUES ('2', '1061');


INSERT INTO `procure`.`sys_user` (`user_id`, `dept_id`, `login_name`, `user_name`, `user_type`, `email`, `mobile`, `sex`, `avatar`, `password`, `salt`, `login_ip`, `login_date`, `status`, `create_date`, `create_by`, `update_date`, `update_by`, `remark`) VALUES ('1', '103', 'admin', 'hello world', '00', 'qq@qq.com', '1333333333', '0', '', '29c67a30398638269fe600f73a054934', '111111', '127.0.0.1', '2019-10-29 18:11:47', '0', '2019-10-29 13:28:55', NULL, '2019-10-29 18:11:46', NULL, NULL);
INSERT INTO `procure`.`sys_user` (`user_id`, `dept_id`, `login_name`, `user_name`, `user_type`, `email`, `mobile`, `sex`, `avatar`, `password`, `salt`, `login_ip`, `login_date`, `status`, `create_date`, `create_by`, `update_date`, `update_by`, `remark`) VALUES ('2', '204', 'linchong', '林冲', '00', 'wangfengbabe@163.com', '', '0', '', '8f5c4e515904673587ac795f4e68e9bd', '362cee', '', NULL, '0', '2019-10-29 18:14:39', 'admin', '2019-10-29 18:14:39', NULL, NULL);


INSERT INTO `procure`.`sys_user_post` (`user_id`, `post_id`) VALUES ('1', '1');
INSERT INTO `procure`.`sys_user_post` (`user_id`, `post_id`) VALUES ('2', '4');


INSERT INTO `procure`.`sys_user_role` (`user_id`, `role_id`) VALUES ('1', '1');
INSERT INTO `procure`.`sys_user_role` (`user_id`, `role_id`) VALUES ('2', '1');





